car_id,target_class
P17494612l,gear_stick
N-1530212S,gear_stick
B-1154399t,gear_stick
F12725233R,gear_stick
l-1139189J,gear_stick
U75286923j,engine_overheat
T-7479831o,gear_stick
B-1369793u,engine_fuel
Y-1289786X,engine_overheat
C29045893T,gear_stick
v-1730983R,gear_stick
I20727212Q,gear_stick
p48812438h,gear_stick
T-2633971l,another_bug
V-9683916q,engine_overheat
P68488505Z,another_bug
W23907639f,engine_overheat
A22674788w,engine_overheat
y-1252277z,gear_stick
u21168983D,electro_bug
x12753662A,gear_stick
v-7435255a,engine_overheat
E12421362P,electro_bug
J35738918W,engine_overheat
T16973122B,engine_overheat
p-5671458M,gear_stick
I68086031c,electro_bug
D69722395r,engine_overheat
X10967418c,gear_stick
q-1489273f,engine_overheat
C-1903701S,engine_overheat
r11820515d,engine_overheat
x12397432S,engine_overheat
Q50389908q,engine_overheat
B18597537S,engine_overheat
S-9537522o,gear_stick
a10623296X,gear_stick
R28123139u,gear_stick
h-1451730v,engine_overheat
d-1257449w,gear_stick
N11419190t,engine_overheat
k63904133P,engine_check
J92413639E,gear_stick
b-3875784F,engine_ignition
f15183722K,gear_stick
c-1874297z,gear_stick
E16971328N,engine_overheat
H18110876A,another_bug
P-1301418D,break_bug
b-9697936F,engine_overheat
H-4258275m,electro_bug
H10655858l,gear_stick
w-1481290E,engine_overheat
C40885722w,gear_stick
f15625319Q,engine_overheat
B42019578p,engine_check
T65731704H,gear_stick
e30424190o,another_bug
w-1081221i,electro_bug
E48110445u,engine_overheat
u73256394H,engine_check
m17237645h,engine_fuel
q-1403429B,gear_stick
E-1889080W,engine_overheat
b-1781291I,another_bug
P77959737c,electro_bug
h17474551u,electro_bug
d17705773B,engine_overheat
s-2080909j,engine_check
N18448941g,gear_stick
P17953716g,gear_stick
i94781425U,engine_check
L-2155385D,gear_stick
Q21449479D,engine_check
z-1790906x,gear_stick
C-4338027c,gear_stick
F13621020y,engine_overheat
P-1981563m,engine_overheat
B20284663C,break_bug
X-5672837D,gear_stick
f-8313064a,engine_check
S16867324D,gear_stick
l81011564d,engine_overheat
T-7878324V,another_bug
X49290901c,gear_stick
N15373595s,engine_check
g-1912309G,gear_stick
G23848056z,gear_stick
w-3530598y,engine_check
s-4092655x,electro_bug
v60921451s,another_bug
A-5309696c,engine_overheat
a21437857o,engine_check
r-2049651S,engine_overheat
c48174687o,engine_ignition
n57986901A,gear_stick
J43552505w,gear_stick
X69815445k,gear_stick
Y31463755z,engine_overheat
C-1846243L,engine_overheat
z10378875g,gear_stick
B-1843237q,gear_stick
I-8201538D,gear_stick
k-7853395L,electro_bug
H-3154020d,engine_ignition
v11532085a,engine_overheat
o-1004837T,engine_check
E15850759P,gear_stick
S11046237d,engine_fuel
i19615927E,engine_check
h24674210l,gear_stick
j-1003273K,engine_overheat
i18120580r,another_bug
t35781257E,gear_stick
S-7977049s,gear_stick
H10411834F,engine_overheat
o29701218V,gear_stick
E-1304820y,another_bug
V56226787D,engine_ignition
I-9571675o,engine_check
a-1832317K,engine_overheat
H-9271579x,another_bug
H15689477U,engine_overheat
J-8699353u,engine_check
S-6497022N,engine_overheat
g11521087z,gear_stick
Q-1114187O,another_bug
a-1510716r,engine_overheat
G12673775u,gear_stick
V-1604890W,gear_stick
o-8858693p,break_bug
F84870593a,engine_overheat
j17532274g,engine_overheat
l-1283385g,engine_overheat
s-2062095H,engine_overheat
X13157100E,engine_overheat
h-2273764e,electro_bug
B-2140476J,gear_stick
p-8263041e,another_bug
Y-1681893d,another_bug
w-1017091K,engine_overheat
M-1236720D,engine_check
I-7194770x,gear_stick
m13987388S,gear_stick
w17315089Z,gear_stick
f-1380237E,engine_overheat
P10499796W,engine_overheat
l-1844181l,gear_stick
g13957568L,gear_stick
R-5598576l,engine_overheat
n59321309Q,engine_overheat
R-1193631X,engine_overheat
y-2178923H,electro_bug
m73284992F,engine_overheat
Z-2537370X,engine_check
t17276860j,break_bug
y33047270r,engine_overheat
b-9079908N,engine_fuel
q92579907V,engine_overheat
Z94669875T,gear_stick
M86375856k,break_bug
c23067621B,engine_check
L-1838617u,gear_stick
s-1063517N,engine_check
x-1172003m,engine_overheat
Q10654514V,engine_overheat
A-3425095J,engine_ignition
F-1854480x,engine_check
C-1953190j,engine_check
l41267361i,gear_stick
N90091958O,engine_overheat
z20306091J,gear_stick
F94970727I,electro_bug
M14830267a,engine_check
i-1101173g,engine_check
l-7821340d,gear_stick
I18827052n,gear_stick
Z14111948t,engine_overheat
T17415608q,engine_overheat
R-1068057n,gear_stick
K-8915465U,engine_check
f-2804472s,engine_overheat
v-1578970y,gear_stick
Q14003835G,electro_bug
W14646068A,gear_stick
o-1593719v,gear_stick
C-4941408C,engine_overheat
x-9374675c,gear_stick
l12294446D,engine_overheat
p15777006h,engine_overheat
w-8656872Z,gear_stick
D66928361D,gear_stick
p-3553707D,engine_overheat
M10807027o,engine_fuel
g12484323a,gear_stick
Z-8212382G,engine_overheat
u79013135M,engine_overheat
m28011734J,engine_check
C-2143786U,engine_overheat
x-2141235A,gear_stick
b44994738S,engine_overheat
J44930122W,gear_stick
g32852591N,electro_bug
G85830221c,gear_stick
D10434254T,gear_stick
R-1143403S,engine_check
N18887406C,engine_overheat
v14387491a,engine_check
a87403235S,engine_overheat
I-1075712g,engine_overheat
N-1087986g,another_bug
y-6871732c,engine_overheat
A96730234u,engine_overheat
a22064292L,electro_bug
j-1774967Z,gear_stick
T83338145S,engine_ignition
i21617445N,engine_overheat
p-1641833m,engine_overheat
z14656246B,another_bug
G-1211626R,gear_stick
X12788823V,gear_stick
c-1552425b,gear_stick
w-2122585e,gear_stick
x11964154C,gear_stick
t20645918R,another_bug
z13283849d,engine_overheat
h11730518w,engine_fuel
G19948827y,gear_stick
r43274910O,gear_stick
e-9096071i,engine_check
d-8576748Q,gear_stick
z91796444U,electro_bug
F12654866z,electro_bug
w-1757702F,engine_ignition
b-1234099Q,gear_stick
v21855739r,engine_fuel
W-5904057t,engine_overheat
e-9386234g,engine_overheat
Q42074100L,engine_check
g-4536331j,another_bug
o65053979S,gear_stick
F-4400642b,gear_stick
X-2198546w,engine_ignition
c11345351C,gear_stick
M-4222158J,another_bug
t-8913790b,engine_check
h-1723876L,gear_stick
b11565616J,gear_stick
s-1143093p,engine_check
F-1742867J,engine_overheat
H-1333142D,engine_check
h-2832462V,engine_overheat
n46152009j,engine_overheat
A41423630m,gear_stick
w23811317g,gear_stick
v-3129503S,engine_check
V-2109665o,gear_stick
i10002840y,gear_stick
A12420027c,another_bug
Q-1710310B,gear_stick
k-5059454A,engine_overheat
P78941617w,gear_stick
X84104929Z,engine_overheat
O-5258966R,gear_stick
W23785130R,gear_stick
k64987032M,electro_bug
r-1560829H,gear_stick
O-1114284b,engine_overheat
I-2189520Y,engine_overheat
z73740510r,engine_check
F-5963184s,gear_stick
F93749838u,engine_overheat
d13287541C,gear_stick
n12600427T,gear_stick
R22962581A,gear_stick
m14976299n,engine_ignition
K25148748I,engine_overheat
F17991047v,gear_stick
U10000525B,engine_check
L-5185142t,engine_overheat
E22476230A,engine_overheat
y-1918667p,gear_stick
m-8421500s,gear_stick
i-6826693r,break_bug
Q-6236402F,engine_check
H13796940X,engine_fuel
b12824965u,electro_bug
f25057132A,engine_overheat
q12615606N,gear_stick
N-2546914l,electro_bug
A-9042233M,engine_check
b28088953J,engine_check
y12090800r,engine_overheat
m-3254742y,engine_overheat
T11166103f,another_bug
B-1904262o,gear_stick
d-1638909M,another_bug
P20002659z,engine_check
O21101068n,engine_check
I-2609382N,gear_stick
M18031243d,break_bug
V81901707h,engine_check
H-1873611C,engine_overheat
I-4335350O,engine_check
a-6685201O,engine_overheat
S68517794A,engine_overheat
a-5655175l,electro_bug
v16259071w,engine_overheat
y21090823R,engine_overheat
V16991777n,electro_bug
E-4001328d,gear_stick
o-3515102Q,engine_overheat
j49593847v,break_bug
m-1140624S,engine_overheat
I96780719P,gear_stick
W16150857p,gear_stick
p10336196A,gear_stick
F-1966393f,gear_stick
R-5073928i,engine_overheat
i-6078322g,engine_overheat
R-1797279a,gear_stick
v-1632640v,engine_overheat
b44358202J,gear_stick
v21606356V,gear_stick
a89412563P,break_bug
C14874883N,engine_overheat
j-2557842j,gear_stick
s-8312774q,engine_check
Q83650998M,gear_stick
v-1742723N,gear_stick
S15039720Y,gear_stick
X-1387510G,engine_overheat
H-2809672w,engine_check
O16507727j,another_bug
I-6505525c,engine_check
E16516360g,engine_overheat
r-3744124X,engine_ignition
E-1660926L,gear_stick
W41114899Y,engine_overheat
J-1224401g,another_bug
z-4990028V,electro_bug
S17802902i,engine_overheat
r-5223681u,engine_overheat
y40186666v,gear_stick
X-7894537e,engine_overheat
n18141460t,engine_check
T-1846242d,gear_stick
l19641602B,engine_fuel
Q20350184W,engine_overheat
u19545404h,engine_overheat
i-2125059a,break_bug
u20670898G,gear_stick
E13629887e,engine_overheat
j-8833751a,engine_overheat
l-1270744J,engine_check
a-1444445A,gear_stick
F13923646T,engine_check
W15387724h,engine_overheat
e10833227Z,gear_stick
O18707780M,engine_overheat
s-1070927u,engine_check
f13961290o,gear_stick
I-2258340t,gear_stick
Y-1108881y,gear_stick
C-2407162B,engine_check
k-1021806U,engine_fuel
B58815481j,gear_stick
Z-1497483y,engine_overheat
m-2038148P,gear_stick
W20323505Z,gear_stick
h18172982Y,gear_stick
C-5107111N,engine_overheat
T11570167i,another_bug
E-2189846g,another_bug
J-9051627R,engine_overheat
k-1266231T,gear_stick
e-4843883N,engine_check
V19603857b,gear_stick
a10075304B,gear_stick
j20806666W,gear_stick
p13183205N,engine_overheat
F-1408164F,engine_overheat
f16848135A,another_bug
m18276402k,gear_stick
O-4852964p,gear_stick
p-1032774f,gear_stick
K-2141030h,engine_overheat
x33340734F,gear_stick
A-5539031E,engine_overheat
K-2121488X,gear_stick
S-2104296W,engine_overheat
V-4730687q,engine_overheat
m-1018494E,gear_stick
f12953922O,engine_overheat
a15606967c,engine_overheat
T-2050577H,electro_bug
l21058873t,engine_overheat
S54991647N,engine_overheat
O-1778305H,another_bug
r-9019459m,gear_stick
J-1701327Z,engine_fuel
W-1085488J,engine_fuel
H29930196K,gear_stick
t17442755k,electro_bug
N16782443w,gear_stick
G83616598P,gear_stick
q-7529997V,engine_overheat
m-2601611a,engine_overheat
r69432919t,another_bug
J85546174E,engine_overheat
F-1506247r,engine_overheat
Y21723655j,engine_overheat
Q15261602W,gear_stick
M11261740O,engine_check
K50534665N,engine_check
Y-1015822T,gear_stick
z-9596926C,engine_fuel
T-8671431r,engine_overheat
R-2077630y,another_bug
I96387228J,gear_stick
z-9815533M,gear_stick
I15837837J,gear_stick
P56763603O,gear_stick
h-1396839K,engine_overheat
r-1477676H,engine_ignition
U42030492Z,gear_stick
h64108495H,engine_overheat
l-8882948y,gear_stick
n-8099641m,gear_stick
f-1164209J,engine_check
g-2072833K,engine_overheat
R10631147V,another_bug
d-1627526q,gear_stick
k-2116384m,gear_stick
y12532736D,engine_overheat
S18268647a,gear_stick
D-1193769d,gear_stick
z49508882q,another_bug
l13511253d,gear_stick
y11003726G,engine_check
S55044905B,another_bug
q-1419523q,gear_stick
i12167734p,engine_overheat
n18966581A,engine_overheat
s-2225812u,engine_fuel
g99706283N,engine_overheat
k-8065294L,another_bug
D-3731198o,another_bug
R-1511509a,gear_stick
W-1152410B,gear_stick
A-6746020J,engine_check
i62564137B,engine_overheat
V81342356X,gear_stick
m70884293y,gear_stick
T-1440241N,engine_check
J16760665u,engine_overheat
B30016393c,gear_stick
n10206436k,engine_ignition
y15691728a,gear_stick
j-1923026R,another_bug
p-2070685P,gear_stick
e22835001P,engine_check
f-2044867Y,gear_stick
Q-1914888q,engine_overheat
h-2696405T,gear_stick
G-1153171e,engine_check
n-1502387M,engine_ignition
y40441306G,electro_bug
B22246797F,engine_overheat
s14991094w,engine_overheat
a-1190397Y,engine_overheat
i11542071C,engine_overheat
l-2588047U,gear_stick
Q16201384v,gear_stick
w-7781882Z,gear_stick
s77766899D,gear_stick
z-1503313M,another_bug
l52568818B,engine_check
v-1508530W,engine_overheat
m13083528W,engine_overheat
z-1243195L,break_bug
b18857695O,gear_stick
v-1905656K,engine_fuel
P-6659279q,engine_overheat
h13431746I,gear_stick
I71388786G,another_bug
R-1701492N,engine_overheat
y78999678J,engine_overheat
a-1426275y,engine_overheat
L84463953R,gear_stick
Z-2128621C,gear_stick
M18466047W,gear_stick
g21645452f,engine_check
o-1663812b,engine_overheat
Q-1984603t,engine_check
q23501901h,another_bug
d-5544396q,another_bug
s-7084701f,engine_ignition
g10084745U,gear_stick
D-9891385q,gear_stick
D11776354f,gear_stick
B18579200J,break_bug
X73810314E,gear_stick
s-2223156w,engine_overheat
D82568273x,another_bug
k-1107234s,another_bug
T-1805505r,engine_ignition
u-5015974t,engine_check
t-8201245H,engine_check
X24084222O,gear_stick
K-1916013Q,engine_ignition
J10576054I,engine_check
g21476323Y,engine_overheat
J22595982W,gear_stick
d15745111A,electro_bug
V20296571Z,gear_stick
t78589983m,break_bug
R-6055154h,gear_stick
o-5397363T,engine_overheat
y-1784222v,engine_overheat
S-1513382W,gear_stick
g-5563252F,engine_check
a-1166334r,gear_stick
Y21096922W,engine_check
s10535398K,engine_check
Z-5188222t,engine_overheat
T22900577z,engine_overheat
i10344980A,electro_bug
X-2263190K,electro_bug
a-2111343W,gear_stick
k-1183222H,another_bug
x42906942Y,engine_check
m16863308b,gear_stick
Z10247738u,engine_overheat
i12798082E,engine_overheat
C91514695x,engine_check
h61870657i,engine_fuel
C-8768079q,electro_bug
O-7894514e,engine_overheat
Z-1926882U,engine_overheat
N-3121550V,engine_check
z-1254537O,engine_ignition
u-1514787e,gear_stick
n-4360079R,engine_overheat
O-2113046Z,engine_overheat
d13819532H,gear_stick
d54261887d,gear_stick
P-2048739B,engine_check
f-1825133R,gear_stick
q-9928373B,gear_stick
S29542128Q,another_bug
J-1782910O,engine_check
t17410389g,engine_overheat
Z17995139Z,gear_stick
Z11671085y,gear_stick
D-7723622B,engine_overheat
N-1539010p,engine_overheat
u54154743P,break_bug
j16845365O,engine_overheat
k-1171716I,engine_check
G81601770L,gear_stick
K-3529763Q,engine_overheat
b-1404013d,gear_stick
O-1398534Y,engine_check
l69679835h,gear_stick
G14568186a,another_bug
a-9442555A,engine_check
G-1689492g,engine_overheat
W12690163c,engine_check
l17843143j,electro_bug
Z76981204Y,engine_overheat
b16524531u,gear_stick
P83526152o,another_bug
z-4612131R,gear_stick
s50463458T,gear_stick
u12928592s,gear_stick
U-1897169L,electro_bug
j-1549044A,gear_stick
Q87875664U,engine_check
q13885185m,engine_overheat
C16715520C,gear_stick
T-1727751h,engine_check
m27082215N,engine_overheat
e-8788520s,engine_check
v36899226P,engine_overheat
Y-2254716H,engine_overheat
D-3425990U,gear_stick
b-1050475p,electro_bug
w-1941558Q,engine_overheat
d-1134540I,gear_stick
K30520180u,gear_stick
q71640430n,engine_ignition
y10948537e,gear_stick
a16152476X,engine_check
F-7462902B,engine_overheat
t-3967937s,gear_stick
o-1118236T,gear_stick
g-1760425A,engine_overheat
b-5227653R,engine_overheat
h-7408890w,gear_stick
K70391511e,gear_stick
V13438854p,engine_check
g-1740147b,engine_check
J-1324072f,engine_overheat
g53382924v,engine_overheat
x33005281c,gear_stick
e24148786o,another_bug
I-1503695V,engine_ignition
E58388206y,gear_stick
y13484815Y,another_bug
R-2027359R,gear_stick
Z17729553x,electro_bug
H-1512213s,engine_overheat
V-1552956h,electro_bug
H15345413o,gear_stick
w17370680J,engine_overheat
J15476551r,gear_stick
c-2250495g,engine_overheat
Z17599412A,engine_overheat
v57643253w,gear_stick
V-5494479D,engine_overheat
g-1126074r,engine_overheat
Z80579540o,engine_check
c-7272329q,gear_stick
z21450941n,engine_overheat
k-2034944s,engine_overheat
B-1760099A,engine_overheat
a61936474Y,gear_stick
k86159975d,gear_stick
A10692422a,engine_overheat
r11362699a,engine_overheat
B-5479705C,another_bug
I98930031r,gear_stick
Z-1084098i,engine_overheat
b55045663j,engine_overheat
h10096493s,engine_check
n13675758u,electro_bug
v-1469151Y,engine_overheat
R21100020a,engine_overheat
H-1226800z,another_bug
l13980749p,gear_stick
D-1518430R,gear_stick
h13825532e,engine_overheat
Q18803510e,another_bug
w69467024a,gear_stick
a16149566K,engine_overheat
R10923215L,engine_overheat
H15481815Q,electro_bug
C-5040526N,engine_overheat
m-2182440Q,engine_overheat
P-4006382C,gear_stick
Y-2235574M,engine_overheat
H-1070903M,gear_stick
w16163650F,gear_stick
I21674635Q,engine_check
Q-4587219M,gear_stick
N10540578u,engine_overheat
w-9916167W,engine_check
g-1742741c,engine_check
n-1575803E,another_bug
N31059484x,engine_overheat
H-1342764P,another_bug
X58767632q,engine_check
S20355997J,gear_stick
q30806358i,another_bug
W-1775855Q,engine_check
j92079780S,another_bug
f63189062N,gear_stick
x-1205366S,gear_stick
H-1902314v,gear_stick
f10226409O,engine_check
Q-4235244W,engine_overheat
P-1715787u,engine_fuel
x-1532496K,engine_overheat
s-1076835x,engine_overheat
m76785981z,gear_stick
u-3215458S,engine_overheat
H-1919071i,gear_stick
p-1139197T,gear_stick
R95310344Y,engine_overheat
e22646530u,engine_ignition
o49311084b,break_bug
x99598782E,engine_check
Q-8465743r,gear_stick
K13600113i,engine_overheat
x55379265k,engine_overheat
F-1518753o,engine_check
e-2020384H,another_bug
n-4605215n,engine_overheat
q-4584627S,engine_overheat
O78712164p,engine_check
j-1598707G,engine_check
d-1282472g,gear_stick
h-2287342p,gear_stick
s-7266626x,electro_bug
z-2843006O,engine_check
m21557315K,gear_stick
j18870600U,engine_check
H-7836096t,gear_stick
k19151173f,engine_overheat
g-1280182Z,engine_check
d-6211776r,engine_overheat
u-1590555V,engine_fuel
c-1204255L,engine_check
f-8810014g,engine_check
S11009197l,engine_check
g-2087791I,engine_overheat
V12754137r,gear_stick
T-1769393Z,another_bug
I-1117298r,gear_stick
P90790412Q,engine_check
c-7401486X,gear_stick
A21009715v,engine_overheat
P94512494l,engine_check
J58385372M,gear_stick
z11059333N,gear_stick
r13675823Y,engine_check
O23192334Z,engine_overheat
h72663703o,break_bug
u39852752H,another_bug
y75359172F,gear_stick
C63413357V,break_bug
H-2218041i,gear_stick
S12392431C,engine_ignition
c10273234z,engine_overheat
J-1675931Y,engine_overheat
r15326588O,engine_ignition
O22786315O,engine_fuel
M14034762V,engine_overheat
d-8796835F,engine_overheat
L-1687146I,engine_overheat
a16452738i,engine_overheat
e-1589877h,gear_stick
w-2228220D,gear_stick
v73920097R,engine_ignition
B10305712m,gear_stick
w17382345v,engine_check
h86663077a,engine_overheat
d-1261412O,gear_stick
N-3542587r,engine_check
q-1127410X,engine_overheat
m-1248909g,gear_stick
Z-1350437Z,gear_stick
G-7472388v,gear_stick
K18306053r,engine_check
t-1389922J,electro_bug
w13418612e,engine_overheat
d11818528X,engine_check
v-4393931r,gear_stick
a15124892o,engine_overheat
l36861534V,engine_fuel
P21146775A,electro_bug
B-8559176x,electro_bug
s-1233979x,gear_stick
N50018445X,gear_stick
E-4220998I,engine_overheat
D28621238x,engine_overheat
r35592741h,engine_overheat
S-2179649Y,engine_check
H-1135423y,engine_overheat
J97849965O,engine_overheat
W21048865S,gear_stick
P10539613v,engine_overheat
r-6268123s,engine_overheat
A19893808P,engine_check
c12458019K,break_bug
r16624906R,gear_stick
s-1701601T,engine_check
l-2073691v,engine_check
s-1227750Q,engine_overheat
n-1588210t,another_bug
L-1950271Y,engine_check
L45819441T,engine_fuel
X-1102199i,engine_overheat
Y42307620l,gear_stick
c11493622d,engine_overheat
s74743326E,engine_overheat
v92032706J,electro_bug
l40017744S,gear_stick
F-1561156R,engine_overheat
F-3458483b,electro_bug
Q-1573004E,gear_stick
I18762244f,engine_overheat
x61993910W,gear_stick
f70384121H,gear_stick
b34607341j,engine_overheat
s-1544537d,engine_check
T-2651777L,engine_check
Z-1690934p,engine_ignition
z-1383208d,gear_stick
F-2091675H,another_bug
p-1026598C,gear_stick
C-5229733d,engine_check
t-5863497D,engine_overheat
F14893199L,engine_overheat
E-9761828K,engine_overheat
r-3626163O,gear_stick
D-1975819d,gear_stick
n86645963R,gear_stick
I-6482386t,engine_check
z11959313t,engine_overheat
d19312186N,engine_overheat
C11156821F,engine_overheat
z19283639B,gear_stick
D-1246382Y,gear_stick
D14445025c,engine_overheat
j25666218Y,gear_stick
E13352088w,engine_check
v44596260Q,gear_stick
c13976633o,engine_overheat
z16908407t,engine_check
P15083043i,engine_overheat
p-7727399o,gear_stick
W-8604738y,gear_stick
J22352968u,engine_overheat
G-7187279a,gear_stick
G-1183057B,engine_overheat
E-1556800P,gear_stick
N16753727A,engine_overheat
U-1860241R,engine_check
f92515288W,gear_stick
q-1553054h,another_bug
d-1766392g,engine_check
z-9268730t,engine_check
D-1137759f,engine_overheat
Z22301798u,gear_stick
d-2160500k,another_bug
f80644426f,gear_stick
u-1069219e,engine_check
V70870192k,engine_overheat
M15122410M,gear_stick
F19935095V,engine_overheat
m92437987f,electro_bug
o-1720442f,engine_overheat
Q-2043032T,gear_stick
k15728070F,gear_stick
i-4298300y,gear_stick
C-1549576C,engine_overheat
w-8322851c,engine_ignition
H-2195683Y,gear_stick
b20675115I,gear_stick
w14143210k,engine_check
s17437438h,gear_stick
Q12901548n,another_bug
I23394317X,engine_ignition
S10630331i,engine_overheat
N15239751A,gear_stick
t11482362Y,engine_ignition
c-1160907G,gear_stick
t17520024W,gear_stick
G16918724z,engine_ignition
T-5518367u,engine_overheat
K-2047259i,engine_fuel
e-2894582l,engine_check
u-6774973B,gear_stick
U-1642617V,gear_stick
Z19453799u,electro_bug
V80070476Q,gear_stick
L-1777501Y,gear_stick
M-3275863u,another_bug
D-1131723O,engine_overheat
s12292138c,engine_overheat
d-2073713s,gear_stick
U-1440005A,gear_stick
D17587481H,gear_stick
O-2089662s,engine_overheat
l-1247871G,gear_stick
Q48397067x,gear_stick
G18135304s,engine_overheat
s52741082h,electro_bug
R37055375H,engine_ignition
t-1505206e,gear_stick
m-7073285w,gear_stick
e-1963742G,another_bug
R41701461o,break_bug
P-1572930P,engine_check
m19821763X,engine_overheat
D-5247175p,engine_check
I-4491426o,gear_stick
c-5796367L,gear_stick
D68676642F,engine_overheat
B87840170Y,gear_stick
E-1074824O,gear_stick
L-2105285X,gear_stick
A18722372t,engine_overheat
t-1655791x,gear_stick
R26898137t,engine_check
x73165245L,gear_stick
H10144433Z,engine_overheat
o-9460824A,engine_check
h-4056890V,gear_stick
S71464104w,gear_stick
Q-3414660J,gear_stick
D24219627Y,engine_check
g-5564720R,engine_check
g-5327257o,engine_overheat
z16965935R,engine_overheat
W-5886969z,gear_stick
Y61608416T,engine_overheat
H-5193657t,electro_bug
r14798824O,engine_overheat
q-1329704C,gear_stick
W-1162613s,gear_stick
q-1451412w,engine_overheat
s10825773A,engine_overheat
W-1322764B,another_bug
C-1335407d,gear_stick
Q-1854633d,another_bug
j12033464t,another_bug
x-1653730E,another_bug
L-1459492G,engine_overheat
A18622071d,engine_check
G12921056E,engine_overheat
M17587699m,electro_bug
H11201074S,engine_overheat
g61901962A,gear_stick
W-3006427Z,gear_stick
f21354327c,gear_stick
L-1435343R,engine_overheat
K-9089430v,engine_ignition
u89834900L,gear_stick
K-6843993d,engine_overheat
g19283665q,engine_overheat
V21055732W,electro_bug
L20847256I,engine_check
K20941520F,engine_overheat
s-1506268E,engine_check
s13306845G,gear_stick
t14118502r,engine_check
l-1141377S,gear_stick
M63300651V,gear_stick
O-1741687v,engine_fuel
J-1064181u,another_bug
R-2596313V,another_bug
i-1845254S,another_bug
k-1573458g,electro_bug
Q-7165920T,gear_stick
K-7253573V,engine_check
u-2045579o,engine_overheat
o-7174642t,gear_stick
W38257448E,another_bug
R15758843A,gear_stick
j-1164533d,engine_overheat
K19878738u,gear_stick
F-1356357a,gear_stick
s18773736B,gear_stick
f-2195380L,gear_stick
I16894729d,engine_overheat
x73377373J,engine_overheat
A13983367R,engine_fuel
W90386436H,gear_stick
d-1208731e,engine_overheat
E10689597V,electro_bug
e18535481H,engine_check
C-1401160X,gear_stick
D-8642892Q,gear_stick
y-9607515v,engine_overheat
R39433396K,electro_bug
o14616394R,engine_overheat
r21184266q,electro_bug
f21015538f,engine_fuel
j18832518Q,gear_stick
m73046504n,gear_stick
B-9791729R,gear_stick
k13021113b,gear_stick
G89078774t,engine_check
r-1060256J,gear_stick
F-1410401k,break_bug
S12437589H,gear_stick
o-1474795Y,gear_stick
v-6600194g,engine_overheat
e69316734g,another_bug
F14045081A,engine_check
p-2049920L,engine_overheat
Z-4995244V,engine_overheat
Q28342682U,electro_bug
i20932780E,engine_ignition
T-3474422m,gear_stick
A-2251370Z,another_bug
a13118905A,engine_ignition
o-5518912i,engine_overheat
r13112137S,engine_overheat
L-1172603K,engine_check
F15323913w,gear_stick
b41466140L,break_bug
H-1126826u,engine_overheat
S80787227y,gear_stick
g62902770K,gear_stick
c21339742C,engine_overheat
o-8291576Q,gear_stick
A16177147F,gear_stick
V-7911017W,engine_check
I12484436u,engine_check
u-2985309w,engine_check
i-7675958l,engine_ignition
Z-2003336X,gear_stick
R17548053Q,engine_overheat
T-3625019V,gear_stick
G58798171H,gear_stick
X14239142s,gear_stick
W-1663352r,gear_stick
R10053414j,another_bug
E11344405c,engine_ignition
E41968356d,engine_fuel
n-1774226C,another_bug
v50135109z,gear_stick
v-2502243y,gear_stick
k81607148Q,gear_stick
y-1159389K,engine_check
Z-9551096Z,break_bug
z73398830W,break_bug
S-2180379V,electro_bug
Y19585916c,break_bug
F-1772949E,gear_stick
N-4056140F,engine_check
M20457206h,engine_ignition
f-2054559Z,engine_overheat
C-1947908i,engine_overheat
Z-1004053E,engine_overheat
E16706596Y,engine_check
L-1236498L,another_bug
M21428480q,engine_overheat
g34212838O,gear_stick
i77678921h,electro_bug
s-1993335Q,engine_overheat
w-1217800P,gear_stick
m-4445026W,gear_stick
w-1020644b,engine_overheat
r-1878207s,another_bug
S-2803516o,another_bug
g31689700a,engine_overheat
L-3828198a,engine_check
p-2023967W,engine_overheat
R93384932a,gear_stick
o27482006r,gear_stick
o69465373z,engine_check
x-2214584G,engine_overheat
F16677411t,another_bug
B-8278342d,gear_stick
w14795716n,engine_overheat
q21418139n,engine_overheat
k58875945X,engine_overheat
E10178721V,gear_stick
y54427123h,engine_check
N-1116467g,break_bug
L-1098436W,engine_overheat
K15170901N,engine_overheat
y-1741356P,engine_overheat
z-4349749h,gear_stick
y-6566782r,engine_overheat
T-1729770o,engine_overheat
V-8483576f,engine_overheat
a39440404D,gear_stick
i51467047f,engine_fuel
H-1369852D,engine_overheat
M-9668613M,engine_overheat
q-1575533Y,engine_overheat
F-2122411I,gear_stick
c-2121060b,gear_stick
H22186863I,engine_overheat
d68073068W,gear_stick
D-7066589I,gear_stick
o11670334e,engine_check
G-1501141U,gear_stick
x-6577654c,gear_stick
i22784686n,engine_overheat
Q36627447o,gear_stick
a-2079734V,engine_ignition
P17112537M,engine_check
I-2947258i,engine_overheat
d-7058280z,engine_overheat
V-6734711I,engine_overheat
x16070571D,electro_bug
A99628604w,electro_bug
c-3559292Z,another_bug
D-1642232Y,engine_ignition
H-2177827U,engine_overheat
t43860654e,engine_ignition
O-2567044a,gear_stick
y-1456481W,engine_check
F-1311521c,gear_stick
W-1338521Q,engine_overheat
S21521405j,another_bug
j-9167677u,gear_stick
E22045798o,engine_fuel
i15589390k,engine_overheat
l15227760Q,engine_overheat
h-6100646F,gear_stick
L-2071083z,engine_overheat
Q-1583701a,engine_overheat
J-1966936j,electro_bug
p97277001v,engine_overheat
A-1959167m,another_bug
b-1232634R,engine_check
C14499779J,gear_stick
A-1900042l,gear_stick
D47614465T,engine_overheat
i55328849i,engine_fuel
L14501903b,engine_ignition
U61603538T,gear_stick
Z-2000448T,gear_stick
V21733186R,engine_overheat
x38176093d,engine_overheat
S-1872523D,engine_overheat
U-9105241l,engine_overheat
d-1067020V,electro_bug
T13652201h,engine_overheat
v83124010d,engine_check
c-5320374q,engine_overheat
P-5877829p,engine_overheat
K-4097683X,engine_overheat
X73607704q,engine_check
d-1645612W,break_bug
M-1949772G,engine_check
d-9809366C,gear_stick
v-9133799l,engine_overheat
j16496771g,gear_stick
p98074932P,engine_overheat
G-1685085q,gear_stick
L-1156474z,engine_fuel
n-7286817N,engine_overheat
G17139758L,engine_overheat
M-4377864u,engine_overheat
u10884582m,engine_overheat
c-1819930r,engine_check
I-1016418u,gear_stick
f-8509753a,gear_stick
f10270915c,gear_stick
I50788104J,engine_check
m-1618295c,engine_overheat
Q11656086H,gear_stick
b17685766M,gear_stick
n19528133d,engine_fuel
I-2222955D,engine_check
U14909638n,engine_overheat
P19518709T,gear_stick
V-1888434u,engine_ignition
R53321573r,electro_bug
U12552466o,engine_overheat
m21172670I,engine_overheat
d71004474f,engine_overheat
n-6003131B,engine_overheat
w45505269O,gear_stick
v22456431E,gear_stick
D20302252H,engine_check
E-1789284H,gear_stick
F21755120L,engine_overheat
y-2096513h,gear_stick
X38064587K,engine_overheat
j36860430F,engine_overheat
M-1188559U,engine_overheat
M-1057522s,gear_stick
r-1767573M,engine_overheat
N-2165696F,engine_overheat
l-9002229j,engine_overheat
Q13796033u,gear_stick
E20487110v,another_bug
U54007251T,gear_stick
k-1001578G,electro_bug
m-1316228Q,engine_check
x38424933t,another_bug
z42577454j,gear_stick
h15726678G,engine_fuel
J-2100035F,gear_stick
u12997600r,engine_check
G-1444514J,another_bug
r80685540h,gear_stick
i-2886682y,gear_stick
U12958604d,another_bug
Q-2285147y,engine_check
d-5980296U,engine_overheat
r-5694899j,engine_overheat
y-3995748C,engine_overheat
H-1417790G,engine_check
h66072023A,gear_stick
m-8844106y,gear_stick
V-3922506p,gear_stick
P-7215920v,engine_overheat
v-1334609Q,engine_overheat
y-2901647k,break_bug
P41449662O,gear_stick
N17048798L,gear_stick
o-3239309x,engine_check
f-4517248O,gear_stick
i20236215k,engine_overheat
c-1909821W,another_bug
S-1058341S,another_bug
Q27397166k,another_bug
m-2234361C,engine_overheat
y-1310937L,another_bug
h11115340f,gear_stick
C-2095125S,engine_overheat
H-1012725h,engine_overheat
A-5953942h,electro_bug
b-5677746H,engine_overheat
b-2174248s,gear_stick
J-1468143m,gear_stick
d-1590616X,gear_stick
A-2010794j,engine_check
S10025512H,gear_stick
F62717656N,engine_overheat
Q-9015964Z,gear_stick
e60616052a,gear_stick
O-1094429s,engine_overheat
G-3730407g,gear_stick
W17258092O,electro_bug
Z-8046890f,gear_stick
C-1531638p,engine_overheat
b16129006F,gear_stick
O20309077v,engine_check
G-1150322W,engine_overheat
v-1523714V,another_bug
m41491349u,engine_overheat
N-2592617I,gear_stick
b15147844G,gear_stick
J-1119809Z,electro_bug
x13343580w,gear_stick
R88463379h,engine_overheat
w-5790710u,another_bug
w20420004F,gear_stick
J-9110297t,gear_stick
E15110775p,engine_overheat
j-8044553g,engine_check
F16044963S,engine_overheat
R91630921n,engine_check
A-3836077o,electro_bug
s-2202835E,gear_stick
O-2222377Z,engine_overheat
s22484554J,engine_overheat
D88984934M,electro_bug
X19668940Y,engine_check
D-1808806N,gear_stick
j18586699W,engine_overheat
H69080088J,engine_fuel
n12252517h,engine_check
i-1711813H,engine_ignition
S10721675C,engine_overheat
X-2170601O,electro_bug
i97387429H,engine_overheat
d22008645E,engine_check
n-3455333h,another_bug
B23739608U,engine_check
F-4198459W,engine_ignition
B-4284440k,gear_stick
G-6904316x,gear_stick
N-1095600Q,electro_bug
D-1029823M,another_bug
d88026009F,gear_stick
P-1279354K,electro_bug
S-2221955m,break_bug
U-2195930Q,engine_overheat
L-1748371J,engine_overheat
C-1092574s,engine_overheat
x78336615j,gear_stick
d22823530e,gear_stick
f-5599112Q,gear_stick
w12601279c,engine_overheat
O12999011Q,engine_overheat
D39654489v,engine_check
G-1119002U,engine_overheat
x-1331259n,engine_check
x-1366202T,engine_ignition
e22337672e,gear_stick
h11974580h,another_bug
b-1924728p,electro_bug
t-8150753L,gear_stick
i16707497b,gear_stick
d40778348c,engine_check
x-6745292f,electro_bug
Q-1197469B,gear_stick
y19339480p,another_bug
E-1574398v,gear_stick
F-1541843G,engine_fuel
J-1898029b,gear_stick
i-2267354V,gear_stick
z-1706928C,gear_stick
h16480906Q,engine_ignition
b20875811r,gear_stick
g57509660G,engine_overheat
i10233407e,engine_check
b-1633141B,gear_stick
r44343477P,engine_ignition
X10140728m,engine_overheat
u60678999S,engine_overheat
X66836862t,another_bug
r-2626717n,break_bug
l25990633r,gear_stick
o16159959N,engine_overheat
P-8366433v,engine_overheat
D-1742188V,engine_overheat
q15163647k,break_bug
m-1582917S,another_bug
u15259964F,gear_stick
M-1332669r,gear_stick
F-2033009p,gear_stick
w15256527O,engine_overheat
v-2214221g,engine_overheat
u-8176531i,gear_stick
B44546931a,engine_overheat
C-3329059P,engine_check
z48466812V,engine_check
N91717170a,engine_overheat
h10197943p,another_bug
f-1804114y,engine_overheat
y65839268d,another_bug
s20690018N,electro_bug
Z16406378j,engine_overheat
r-6401544e,another_bug
A74571031O,gear_stick
I-1022513U,engine_overheat
M-1528828l,engine_fuel
w-5395626f,gear_stick
U15424894F,engine_fuel
X-1521550g,gear_stick
b-1756095Y,engine_overheat
S-4942615g,engine_check
a-1170299l,engine_check
W20898223q,engine_overheat
u13780325P,engine_overheat
q35175771e,electro_bug
K81291347a,engine_overheat
G15557106t,engine_check
y21647488o,engine_overheat
O-2154805o,gear_stick
D11355691L,engine_overheat
t60412618s,engine_check
M15952724y,gear_stick
k24372320c,gear_stick
J16859061o,engine_overheat
M11049568F,gear_stick
z11525648X,engine_overheat
u41400760y,gear_stick
V48666541E,electro_bug
t-1305628R,engine_check
F20989471t,engine_overheat
G19704655v,another_bug
h-1084715m,gear_stick
X13848460A,gear_stick
H49107775b,engine_overheat
V-2127600s,engine_check
M-2221760V,gear_stick
w-2040826k,gear_stick
Z15550264W,gear_stick
b-8727186X,another_bug
g10838650B,another_bug
d19534101p,engine_overheat
j-8523085j,electro_bug
Y-2259833v,engine_check
y40076926G,engine_overheat
m21197630U,gear_stick
J-9282883I,engine_overheat
y-1593526o,engine_overheat
R18548797W,engine_overheat
M78454309n,gear_stick
H-1952766q,gear_stick
O-7318695N,gear_stick
Z-1382353b,gear_stick
y33995729F,another_bug
A-1931285c,engine_check
b-4023465w,gear_stick
y28247093F,gear_stick
b-2099867z,another_bug
N13810671e,another_bug
M-1208274P,gear_stick
E94491875l,engine_overheat
p14296940a,gear_stick
e-5032325d,gear_stick
f-2278644T,another_bug
N-1449511Y,engine_overheat
R72473068v,engine_overheat
K15727484r,gear_stick
x-1530392k,engine_check
m14032324U,engine_overheat
o-3502321X,another_bug
M-9369867A,electro_bug
e-1176726O,gear_stick
F-8971471f,engine_check
w16001206y,engine_overheat
T24942626H,gear_stick
Z-9250568A,gear_stick
R20946794F,engine_overheat
y-3708778R,gear_stick
d-7461024X,gear_stick
r-1304067j,engine_overheat
M-1727464u,gear_stick
X12353297J,engine_overheat
t19399198h,gear_stick
a-2221133L,gear_stick
n15134422D,gear_stick
e-1041702t,another_bug
Q-1108615n,gear_stick
r67742622z,engine_overheat
Y77630283F,break_bug
I-8740476B,engine_fuel
f12831819d,another_bug
y-2117938S,engine_ignition
X13552128w,gear_stick
m89915934c,engine_overheat
u12923191V,gear_stick
g64040787A,engine_ignition
B53432209f,engine_fuel
Q18090458O,gear_stick
v11087640F,gear_stick
s-1018199L,engine_ignition
T15119744o,gear_stick
E-2442116D,gear_stick
l93168360C,gear_stick
Q52925581k,another_bug
k11571129f,engine_overheat
K18787489X,electro_bug
i17417440r,engine_overheat
H-9338402M,gear_stick
e18576123A,engine_overheat
L93331905w,engine_ignition
G18790404J,engine_overheat
H19063606t,another_bug
A82111385d,gear_stick
l96257336G,engine_check
c31569057o,gear_stick
O-2283230Y,engine_overheat
B-6097000E,gear_stick
s-8423183t,gear_stick
p16672632d,gear_stick
J11698270E,gear_stick
G22172959I,engine_fuel
I21909345v,gear_stick
m13540768n,electro_bug
N-2047707A,gear_stick
q15473703P,engine_check
b28091206k,gear_stick
d-2060227V,engine_overheat
D23788223O,another_bug
k-1947529W,gear_stick
b-9715554C,engine_check
q-5271670J,gear_stick
u12970971g,engine_overheat
n-6059768d,engine_overheat
L22185348p,another_bug
O13331241u,engine_overheat
L16141312N,engine_overheat
W38697890A,gear_stick
u-2120761B,engine_check
c66464279D,engine_overheat
e13156563s,engine_fuel
T42238184L,engine_fuel
D-1336442P,engine_ignition
E-5337479S,gear_stick
X95516419Q,engine_overheat
H-2355000g,engine_overheat
s-5301854b,engine_check
u-2940182P,engine_check
G-9079594w,engine_overheat
Z20606311h,gear_stick
t-6922750L,gear_stick
Q21391218q,another_bug
u12977186v,gear_stick
h13802624r,gear_stick
I-1538597J,engine_check
X11025811v,engine_overheat
S-2294339s,another_bug
g13118176m,another_bug
S21991071M,gear_stick
L10129399Y,gear_stick
Z13161380J,engine_check
J-6052671x,gear_stick
e11908473n,engine_overheat
U-1131662Q,gear_stick
h54754410l,another_bug
w68053735H,gear_stick
A31292617m,engine_overheat
V45384349q,gear_stick
k-1087627k,gear_stick
Q-1888317Y,engine_overheat
Q-1456372K,engine_check
S19572879o,engine_overheat
j13287780b,gear_stick
X-1427883w,engine_overheat
t12980699M,engine_fuel
K-9081250O,another_bug
N96928373A,gear_stick
r19349335d,another_bug
D22898421E,engine_fuel
A-7650056Z,gear_stick
B-1572757V,engine_overheat
D11212854M,gear_stick
H62136397R,engine_check
n16749457W,gear_stick
c-1411220k,engine_check
g-8950344h,engine_check
g28465883Y,engine_fuel
O-3470382z,electro_bug
C-7657933N,engine_overheat
n-7904705X,engine_overheat
E-2002668A,gear_stick
E15401424s,engine_ignition
Q-1558145Z,engine_overheat
j-1474542d,engine_ignition
J51767292L,engine_fuel
M-1609284U,engine_check
O32025767k,electro_bug
G-4998152Q,engine_check
d-8684879I,break_bug
c11762411c,engine_overheat
T61957630q,gear_stick
e-1246632H,engine_check
a96529450S,gear_stick
m-1300432a,engine_check
H-1232380o,electro_bug
U18643336W,break_bug
E42133174Y,engine_fuel
N-2173692X,gear_stick
O15299283X,engine_overheat
Y11513708Q,gear_stick
I14426935X,gear_stick
L-1576450f,gear_stick
L-2066997I,gear_stick
g20198311v,engine_overheat
K-1750463c,gear_stick
A48818516t,another_bug
b12102660G,gear_stick
C-1721101w,gear_stick
L21617225g,gear_stick
y18690561q,gear_stick
Z-2044688T,engine_overheat
w-3300489y,gear_stick
o43682483i,gear_stick
p-2177230P,gear_stick
d53962651M,another_bug
h-1079130a,engine_check
d-1063018h,engine_overheat
e12616376T,engine_overheat
g-1997866b,engine_check
p22351271i,gear_stick
s18801959g,engine_overheat
W-1146682H,gear_stick
Y21010106g,engine_overheat
N-1493098E,engine_overheat
a16757494v,electro_bug
L31333870v,gear_stick
O-1116026m,gear_stick
a-1327017v,engine_ignition
J32481265i,engine_overheat
u-7465003y,gear_stick
C-8282660x,engine_overheat
z-1194508g,engine_overheat
M17131119X,engine_overheat
A16430015I,electro_bug
T21560454W,engine_overheat
d-5044364D,electro_bug
A-4567027H,gear_stick
l14731037p,gear_stick
j21216284z,gear_stick
w18663416B,gear_stick
N-1067764s,engine_overheat
a96316507d,gear_stick
Q-2863519f,engine_overheat
R-4412745F,electro_bug
w-2100178z,gear_stick
N12140841u,engine_check
v-2217035r,engine_ignition
j22675199u,engine_check
Y-2060323c,another_bug
H-9946877t,gear_stick
V24408620j,engine_overheat
D20994817l,engine_overheat
d-5916656a,gear_stick
r-1888435Q,engine_overheat
s-8011046y,engine_check
l-8338225N,engine_overheat
N17651234L,engine_overheat
t-1660621F,gear_stick
A-4300243z,engine_check
Q-1531120K,engine_overheat
b14483061v,engine_check
p13496102g,engine_fuel
f-3084055k,engine_overheat
b-7106735g,gear_stick
B-5818398M,gear_stick
k-6134216L,gear_stick
q-8983496T,gear_stick
c21152319h,engine_overheat
u22537189s,engine_check
S42898575W,gear_stick
u-2592615u,engine_check
U15973213W,electro_bug
a-1555492o,engine_overheat
T17948597q,gear_stick
K-1596430s,gear_stick
t70806905i,engine_overheat
Q-8927952V,gear_stick
b-1699417D,engine_overheat
l-1528999M,engine_fuel
i-1075099j,engine_overheat
g-1203735u,gear_stick
N68342352J,engine_overheat
t19684834s,gear_stick
P28960538x,gear_stick
k70721764Z,engine_overheat
P35164993z,engine_overheat
v-1084231t,another_bug
P62164543W,electro_bug
V-1603027E,break_bug
r-3939023a,engine_check
D-1008484E,engine_overheat
Q-2192864t,gear_stick
m97152459x,gear_stick
n79502261g,electro_bug
I-1934004o,gear_stick
w-8712305w,engine_check
t19569988O,gear_stick
w-6743502g,engine_fuel
e17224457A,engine_overheat
N25093826z,engine_overheat
k53344668C,engine_check
c18837598f,engine_overheat
o55235221X,engine_overheat
x83440968Q,engine_overheat
a-2129214S,gear_stick
O16337155M,engine_check
o-1780770o,engine_overheat
O-1008421H,gear_stick
a33313854t,another_bug
M45840955U,electro_bug
q22701640I,engine_overheat
J-2186173q,gear_stick
T-9875021z,gear_stick
B16049866X,electro_bug
i19613288g,another_bug
P52156891U,another_bug
q-1768505B,gear_stick
D-1867285e,engine_fuel
l-2092770w,engine_overheat
Z15287780R,engine_check
O18471034K,gear_stick
p20324322c,electro_bug
p-8776685b,another_bug
A12568692Y,gear_stick
G62487539y,gear_stick
y-7520188c,another_bug
U-3855489z,engine_check
j47796305l,engine_overheat
S-6466908z,gear_stick
Z-2472770a,engine_overheat
B72054123K,gear_stick
P63973841b,engine_overheat
u95341442h,electro_bug
z-5617263I,engine_ignition
s-1440522g,electro_bug
w-1350890O,another_bug
b-1785569X,another_bug
N17581389s,gear_stick
Z-6866329f,engine_overheat
a15357539b,gear_stick
y-1168665M,gear_stick
X-1688379x,gear_stick
Z73577393A,gear_stick
r-1140095D,engine_overheat
k17692433t,gear_stick
a-2924229p,engine_check
I19994305a,gear_stick
R16189354h,another_bug
f61508634I,engine_overheat
S56454866u,gear_stick
u-2542978x,engine_check
p36642359W,engine_overheat
z22596029p,electro_bug
j13578702a,engine_overheat
m41690051B,engine_overheat
C-1990447o,engine_overheat
f17350995b,another_bug
A13722291q,engine_check
c-8926473m,gear_stick
R-1161362E,gear_stick
E-1829228V,gear_stick
f-1106666p,gear_stick
B-1345652W,engine_check
e-3819053E,engine_overheat
H12470081t,gear_stick
Y-2395041a,engine_overheat
m-6830168g,another_bug
n-1048550o,gear_stick
p-4620845q,gear_stick
z-1908457z,engine_ignition
r11798594T,gear_stick
n-1078109P,engine_check
g21697086z,engine_check
i-3020701S,engine_check
B51449710T,break_bug
G17715538Y,gear_stick
d85134463X,engine_check
M-5383474I,gear_stick
u79799419P,gear_stick
h20236568A,engine_overheat
Q-1319605b,another_bug
d-1613102p,another_bug
S41123157J,engine_overheat
x-1174319N,electro_bug
V-1073406u,engine_overheat
V21379614l,gear_stick
z-3747302L,engine_overheat
y-2605432W,engine_overheat
g21854185N,gear_stick
E98324062j,electro_bug
Y97110971P,engine_overheat
X-3262812p,engine_overheat
H-1041344f,engine_check
c96102825T,engine_overheat
F-8514150E,engine_check
n14484446O,engine_check
H72378904z,electro_bug
U22558213g,engine_overheat
e-1228757n,gear_stick
L-5297416Y,engine_fuel
j-1143057h,engine_overheat
p-1573015A,engine_overheat
U65662686c,engine_ignition
S-4820484y,engine_overheat
g-8761468w,gear_stick
Q-6145494U,engine_check
W10708735F,engine_overheat
p17325319H,gear_stick
F-1510394i,gear_stick
C58608888l,gear_stick
d-2253716j,engine_check
x16453445a,engine_overheat
I66859230r,gear_stick
P64817824s,engine_overheat
g-1168593W,engine_overheat
K22750834U,engine_check
I-1242074u,engine_fuel
F-3351081U,gear_stick
F19447831G,gear_stick
s-1689007T,engine_overheat
k10152000a,engine_overheat
H12617664T,engine_check
t-1064471J,gear_stick
t-2197360k,engine_overheat
d-2120346e,another_bug
O-1642949k,gear_stick
Q53125922U,engine_overheat
b-1461155F,engine_check
Q39818857Y,electro_bug
r62935175h,break_bug
W-6196754y,gear_stick
g28641563H,engine_check
j11454423o,engine_overheat
F-1666827W,gear_stick
A21999620z,gear_stick
c75592211G,gear_stick
L-1701832m,another_bug
k18648690J,another_bug
h-1998519z,engine_overheat
U-6212557F,engine_check
e-2299648Q,engine_overheat
s-1139976I,engine_overheat
K-8425830Q,electro_bug
d22617101F,engine_fuel
D17905231R,engine_overheat
u13437959M,engine_ignition
Z-9946732U,engine_overheat
K-1500884y,gear_stick
c-1794298L,electro_bug
M15430763y,engine_overheat
p-1264204Z,engine_overheat
U38299579G,engine_check
c56523775V,engine_overheat
T38194151F,engine_check
m-3164602H,break_bug
n-1234064Z,engine_overheat
J-1156067J,gear_stick
f-6526492s,engine_overheat
l20269048F,engine_overheat
B98720158A,engine_overheat
C-1753458i,electro_bug
x21906434L,engine_overheat
i13542684X,engine_check
u-1875498r,gear_stick
X-1879171y,engine_overheat
t21801419s,engine_overheat
L21647080y,engine_check
h-5026863d,engine_overheat
T-3466939S,engine_overheat
m12662735d,engine_overheat
t14261623o,engine_overheat
n-2837743g,engine_overheat
e-2154304r,gear_stick
N-2215366J,gear_stick
g-1249815S,engine_ignition
W-1215684E,another_bug
A11461567u,gear_stick
L16034991d,engine_check
L-2243568g,engine_overheat
U11614816e,engine_check
h-1908691k,gear_stick
S-1588766I,gear_stick
i-2841469F,gear_stick
W12646665I,gear_stick
P-2897916I,engine_overheat
q-1324803Z,engine_overheat
A-6570552N,another_bug
k-1985555z,engine_check
k13077603E,another_bug
H11107062P,engine_overheat
u-1297698j,gear_stick
R23868498r,gear_stick
N-1923238g,another_bug
j-5320438l,another_bug
M-2097633r,engine_overheat
U52942046Z,engine_overheat
h17001071q,engine_overheat
R-1401948E,engine_overheat
a-1738562d,gear_stick
R99178335S,gear_stick
t19157053h,engine_check
m14758475e,engine_overheat
B47711748K,gear_stick
t21884438y,gear_stick
V-2454314m,gear_stick
Z16920973J,gear_stick
b13641719v,engine_fuel
X13092819Q,engine_fuel
r14567820H,gear_stick
a-1296325M,gear_stick
v-1923353f,engine_overheat
P75675086P,engine_overheat
H-2270745P,engine_overheat
f-1963567i,engine_overheat
C19974180h,engine_overheat
N39559408S,engine_overheat
P-2227204H,engine_overheat
P13046593R,electro_bug
k72805610d,gear_stick
N62378224U,engine_fuel
j-1956405K,gear_stick
Q-1492285k,engine_overheat
Q11700844e,gear_stick
E-3042252G,engine_check
q-1872858i,engine_overheat
h-1344515n,engine_overheat
O-1383891v,gear_stick
X64881130C,engine_overheat
U19015371f,gear_stick
R69641219y,gear_stick
M25907433E,engine_check
e-1885009l,gear_stick
l-1959164P,engine_overheat
M-9949056v,gear_stick
d-1302572o,engine_overheat
f22323125D,gear_stick
d10736354y,engine_overheat
w-3928877y,gear_stick
y13551852I,engine_check
p-6352560b,engine_check
i11460685H,break_bug
r44913393N,gear_stick
S11426971O,engine_overheat
S-4753227p,break_bug
Z-9466103x,gear_stick
b86382646t,engine_overheat
T-2294411h,gear_stick
f13646346O,engine_overheat
k12390619M,engine_check
p14822094P,engine_check
y-1267351r,gear_stick
r10427446Y,engine_check
Z21148829c,break_bug
w15143755c,engine_check
s12154911r,electro_bug
y76872086H,engine_fuel
p15590759i,engine_overheat
z-5067315t,another_bug
H-1836769I,another_bug
f-1042769Z,engine_overheat
f16491132W,another_bug
P21644134e,gear_stick
o67669876a,engine_overheat
h-1414900L,gear_stick
i90456198D,gear_stick
B-2199737O,gear_stick
s-5157124G,engine_check
q20798329k,gear_stick
b-6366825A,gear_stick
o16666830b,electro_bug
H-2456490y,engine_check
p17190552s,gear_stick
P22575706L,engine_overheat
W19937723D,engine_check
p-2060516y,gear_stick
x13966371T,engine_overheat
q53435481a,another_bug
Q-9617805F,gear_stick
N59793228F,engine_check
M52666824i,engine_check
T-1009246T,engine_check
f11409987C,engine_fuel
z-7198780T,engine_overheat
k-7951300Y,gear_stick
J19069143E,gear_stick
b-1597167C,engine_overheat
O-6623929C,engine_overheat
F14674957T,engine_check
t82296586k,gear_stick
Z20453566w,gear_stick
J82279855E,electro_bug
n-2242535p,gear_stick
V-1226312R,gear_stick
v-7763664j,gear_stick
h-1179139J,gear_stick
x13640960Q,engine_ignition
Z-2276652N,gear_stick
F-2165841B,another_bug
x-1331529J,gear_stick
J-2127749D,gear_stick
